<addon id="repository.lonelobo" name="Lonelobo Repository" version="1.0.0" provider-name="Lonelobo-byte">
    <extension point="xbmc.addon.repository" name="Lonelobo Repository">
        <dir>
            <info compressed="true">https://raw.githubusercontent.com/Lonelobo-byte/repository.lonelobo/main/addons.xml.gz</info>
            <checksum>https://raw.githubusercontent.com/Lonelobo-byte/repository.lonelobo/main/addons.xml.gz.md5</checksum>
            <datadir zip="true">https://raw.githubusercontent.com/Lonelobo-byte/repository.lonelobo/</datadir>
        </dir>
    </extension>
    <extension point="xbmc.addon.metadata">
        <summary>Lonelobo Repository</summary>
        <description>This is the repository for Lonelobo addons.</description>
        <platform>all</platform>
    </extension>
</addon>
